{"cameraMode":{"drawMode":0,"name":"Shaded","section":"Shading Mode"},"sceneLighting":false,"audioPlay":false,"sceneViewState":{"m_AlwaysRefresh":false,"showFog":true,"showSkybox":false,"showFlares":true,"showImageEffects":true,"showParticleSystems":true,"showVisualEffectGraphs":true,"m_FxEnabled":true},"in2DMode":false,"pivot":{"x":18.273040771484376,"y":1.1675586700439454,"z":-21.919841766357423},"rotation":{"x":0.11081061512231827,"y":-0.8886589407920837,"z":0.29574862122535708,"w":0.3326277434825897},"size":1.8551712036132813,"orthographic":false}