{"cameraMode":{"drawMode":0,"name":"Shaded","section":"Shading Mode"},"sceneLighting":false,"audioPlay":false,"sceneViewState":{"m_AlwaysRefresh":false,"showFog":true,"showSkybox":false,"showFlares":true,"showImageEffects":true,"showParticleSystems":true,"showVisualEffectGraphs":true,"m_FxEnabled":true},"in2DMode":false,"pivot":{"x":-36.812408447265628,"y":-1.7965800762176514,"z":35.394386291503909},"rotation":{"x":0.08562727272510529,"y":0.7950646281242371,"z":-0.11553951352834702,"w":0.5892431139945984},"size":7.782314777374268,"orthographic":false}