{"cameraMode":{"drawMode":0,"name":"Shaded","section":"Shading Mode"},"sceneLighting":false,"audioPlay":false,"sceneViewState":{"m_AlwaysRefresh":false,"showFog":true,"showSkybox":false,"showFlares":true,"showImageEffects":true,"showParticleSystems":true,"showVisualEffectGraphs":true,"m_FxEnabled":true},"in2DMode":false,"pivot":{"x":0.0038238465785980226,"y":-2.2351741790771486e-8,"z":0.003951936960220337},"rotation":{"x":-0.14181265234947205,"y":-0.777158796787262,"z":0.18934018909931184,"w":-0.5832377672195435},"size":1.0615715980529786,"orthographic":false}